<?xml version="1.0" encoding="UTF-8"?>
<project-private xmlns="http://www.netbeans.org/ns/project-private/1">
    <editor-bookmarks xmlns="http://www.netbeans.org/ns/editor-bookmarks/2" lastBookmarkId="0"/>
    <open-files xmlns="http://www.netbeans.org/ns/projectui-open-files/2">
        <group>
            <file>file:/G:/Start/NEW/Mr.Mo7sen/Mr.Mo7sen/Office/src/office/InterFace/Options.java</file>
            <file>file:/G:/Start/NEW/Mr.Mo7sen/Mr.Mo7sen/Office/src/office/InterFace/ExamTable.java</file>
            <file>file:/G:/Start/NEW/Mr.Mo7sen/Mr.Mo7sen/Office/src/office/InterFace/EnterAttendence.java</file>
            <file>file:/G:/Start/NEW/Mr.Mo7sen/Mr.Mo7sen/Office/src/office/InterFace/EnterGroupPeriod.java</file>
            <file>file:/G:/Start/NEW/Mr.Mo7sen/Mr.Mo7sen/Office/src/office/InterFace/smallReport.java</file>
            <file>file:/G:/Start/NEW/Mr.Mo7sen/Mr.Mo7sen/Office/src/office/InterFace/StartInterface.java</file>
        </group>
    </open-files>
</project-private>
